post_id,user_id,likes,comments,timestamp
post_1001,user_1501,5,2,1712345678
post_1002,user_1502,3,1,1712345683
post_1003,user_1503,8,3,1712345688
post_1004,user_1504,6,0,1712345693
post_1005,user_1505,7,4,1712345698
post_1006,user_1506,5,2,1712345703
post_1007,user_1507,3,1,1712345708
post_1008,user_1508,8,3,1712345713
post_1009,user_1509,6,0,1712345718
post_1010,user_1510,7,4,1712345723
post_1011,user_1511,5,2,1712345728
post_1012,user_1512,3,1,1712345733
post_1013,user_1513,8,3,1712345738
post_1014,user_1514,6,0,1712345743
post_1015,user_1515,7,4,1712345748
post_1016,user_1516,5,2,1712345753
post_1017,user_1517,3,1,1712345758
post_1018,user_1518,8,3,1712345763
post_1019,user_1519,6,0,1712345768
post_1020,user_1520,7,4,1712345773
post_1021,user_1521,5,2,1712345778
post_1022,user_1522,3,1,1712345783
post_1023,user_1523,8,3,1712345788
post_1024,user_1524,6,0,1712345793
post_1025,user_1525,7,4,1712345798
post_1026,user_1526,5,2,1712345803
post_1027,user_1527,3,1,1712345808
post_1028,user_1528,8,3,1712345813
post_1029,user_1529,6,0,1712345818
post_1030,user_1530,7,4,1712345823
post_1031,user_1531,5,2,1712345828
post_1032,user_1532,3,1,1712345833
post_1033,user_1533,8,3,1712345838
post_1034,user_1534,6,0,1712345843
post_1035,user_1535,7,4,1712345848
post_1036,user_1536,5,2,1712345853
post_1037,user_1537,3,1,1712345858
post_1038,user_1538,8,3,1712345863
post_1039,user_1539,6,0,1712345868
post_1040,user_1540,7,4,1712345873
post_1041,user_1541,5,2,1712345878
post_1042,user_1542,3,1,1712345883
post_1043,user_1543,8,3,1712345888
post_1044,user_1544,6,0,1712345893
post_1045,user_1545,7,4,1712345898
post_1046,user_1546,5,2,1712345903
post_1047,user_1547,3,1,1712345908
post_1048,user_1548,8,3,1712345913
post_1049,user_1549,6,0,1712345918
post_1050,user_1550,7,4,1712345923
post_1051,user_1551,5,2,1712345928
post_1052,user_1552,3,1,1712345933
post_1053,user_1553,8,3,1712345938
post_1054,user_1554,6,0,1712345943
post_1055,user_1555,7,4,1712345948
post_1056,user_1556,5,2,1712345953
post_1057,user_1557,3,1,1712345958
post_1058,user_1558,8,3,1712345963
post_1059,user_1559,6,0,1712345968
post_1060,user_1560,7,4,1712345973
post_1061,user_1561,5,2,1712345978
post_1062,user_1562,3,1,1712345983
post_1063,user_1563,8,3,1712345988
post_1064,user_1564,6,0,1712345993
post_1065,user_1565,7,4,1712345998
post_1066,user_1566,5,2,1712346003
post_1067,user_1567,3,1,1712346008
post_1068,user_1568,8,3,1712346013
post_1069,user_1569,6,0,1712346018
post_1070,user_1570,7,4,1712346023
post_1071,user_1571,5,2,1712346028
post_1072,user_1572,3,1,1712346033
post_1073,user_1573,8,3,1712346038
post_1074,user_1574,6,0,1712346043
post_1075,user_1575,7,4,1712346048
post_1076,user_1576,5,2,1712346053
post_1077,user_1577,3,1,1712346058
post_1078,user_1578,8,3,1712346063
post_1079,user_1579,6,0,1712346068
post_1080,user_1580,7,4,1712346073
post_1081,user_1581,5,2,1712346078
post_1082,user_1582,3,1,1712346083
post_1083,user_1583,8,3,1712346088
post_1084,user_1584,6,0,1712346093
post_1085,user_1585,7,4,1712346098
post_1086,user_1586,5,2,1712346103
post_1087,user_1587,3,1,1712346108
post_1088,user_1588,8,3,1712346113
post_1089,user_1589,6,0,1712346118
post_1090,user_1590,7,4,1712346123
post_1091,user_1591,5,2,1712346128
post_1092,user_1592,3,1,1712346133
post_1093,user_1593,8,3,1712346138
post_1094,user_1594,6,0,1712346143
post_1095,user_1595,7,4,1712346148
post_1096,user_1596,5,2,1712346153
post_1097,user_1597,3,1,1712346158
post_1098,user_1598,8,3,1712346163
post_1099,user_1599,6,0,1712346168
post_1100,user_1600,7,4,1712346173
